INSERT INTO gender (id, type) VALUES (1, 'Male');
INSERT INTO gender (id, type) VALUES (2, 'Female');
INSERT INTO gender (id, type) VALUES (3, 'Other');

INSERT INTO event_category (category_id, type) VALUES (1, 'Race');
INSERT INTO event_category (category_id, type) VALUES (2, 'Race Walk');
INSERT INTO event_category (category_id, type) VALUES (3, 'High Jump');

INSERT INTO event (event_id, date, enabled, location, name, type, event_category_category_id)
VALUES (1, '2021-11-15', 1, 'Indoor Stadium', '100m', 'Male', 1);
INSERT INTO event (event_id, date, enabled, location, name, type, event_category_category_id)
VALUES (2, '2021-11-13', 1, 'Indoor Stadium', '400m', 'Male', 1);
INSERT INTO event (event_id, date, enabled, location, name, type, event_category_category_id)
VALUES (3, '2021-11-14', 1, 'Road', '10km', 'Female', 2);
INSERT INTO event (event_id, date, enabled, location, name, type, event_category_category_id)
VALUES (4, '2021-10-21', 1, 'Indoor Stadium', 'High Jump', 'Male', 3);
INSERT INTO event (event_id, date, enabled, location, name, type, event_category_category_id)
VALUES (5, '2021-10-25', 1, 'Indoor Stadium', '200m', 'Female', 1);

INSERT INTO athlete (athlete_id, country, dob, first_name, image, last_name, gender_id)
VALUES (1, 'JM', '1986-08-21', 'Usain', '/9j/2wBDAA0JCgsKCA0LCgsODg0PEyAVExISEyccHhcgLikxMC4pLSwzOko+MzZGNywtQFdBRkxOUlNSMj5aYVpQYEpRUk//2wBDAQ4ODhMREyYVFSZPNS01T09PT09PT09PT09PT09PT09PT09PT09PT09PT09PT09PT09PT09PT09PT09PT09PT0//wAARCAEsAZADASIAAhEBAxEB/8QAGwAAAQUBAQAAAAAAAAAAAAAAAQACAwQFBgf/xAA9EAABBAEDAgQDBgQGAgEFAAABAAIDEQQSITEFQRMiUWEGcYEUMkKRobEHI1LBFTNi0eHwQ3LxNDVTgpL/xAAaAQADAQEBAQAAAAAAAAAAAAAAAQIDBAUG/8QAKhEBAQACAQQBAwMEAwAAAAAAAAECEQMEEiExQQUTUSIyYRRxodEjUpH/2gAMAwEAAhEDEQA/AOapClLpQLVrtmhITSFMWoFqNkrkJpCnLUwtRsaQkIUpS1NIT2NI6QpPITaT2NAkAjScAnsgATqRARARsBSWlPARpGz0jpKrViLHkmkDI2EuJqqWxHhYvTnn7RIySbs01spyzmJzG1mYnTZchzdZ8Njr8ztldGJ0/Fj/AJ7/ABn3u0bf8qtnZZfsZLcdthwqRcNVxggX3HK58uTKtccI1D1VmNp+zxta0namjj0Ko5WfNkyF5kAbzVkqs5xcbofXakyzWk/dvkBSrR5lIc4F7m/+ppAH8IfQPYuULueAT80m7u+80GrFIFS23SRs0t9SgJHAgtP5KMOsG97PyRY89r325/NMlkSuG7XUa5vdTRZTwzQ4CRh5DlTawh2lri6+RSdG4l2nTv390BY8HHyP8s+E/fb8KrzY0sIBkbseCDspBEAdjQ9KT45nMAY5upp5WmPJYi4yqdJK47DOkvjc1zKur3CqlpBoiitZlL6RZo1FGkqT2WiRCIanaUtjRtIp1I0jY0bSVJ1JUjZ6NpOARATqRsaMpKk+kKRsGIUn0hSey0ZSKNJUjYNpKk6kk9hfpCk9CljtRlIEJ9JUjYQlqYQpyExzUbGkBCaQpiEwhPYQkIUpiE2lWxpHSNJ5CFJ7AAJwCICcAjZaClJDE6WQMYBZ9TSAA7hamGBh4b8gtOpw2+SnLLUOTaSB8HTfvtLpSCXHuPYelrCysrxMiR5aGNPYbE/8J2RNJqLzQkdZLvmqop7m7WSe+657d+WsiYAW1wtzjvVJ+57ccUnMbQ72nAbkjj1KyuTeYI6A9b7hAevb3UgaN0Ay+EbPtMMTCSW9/RA47COBfHCsNjA2G3ojp37fTYJbHapPgc0eUWCfRNMb6FD5haFC6/ZOjgvtsfdXMqi4RXhgIcC4Fxrknj5LTwOmSZTnMLXWRV7N3U+JitoOcS48gLtMOCIYMcmOxnG+2/rv9Vc8s8ppxc/RWwHQ6XxC3Y0CKP8Af6KB/THlxLbLRQuqFLtX4cbcgmQNeXmnOBsja/T9uEyTpsssQ0g20enHyT0nbgvDfDITGTQ5FKKdscoMkTTf4hff1XWZ/RXaA50ZD+5XN52O7Fy9mBru+2xTxtlFm2dSQClka0+dgppNVfCYFtLtnogEaSCKAVJIpIAUjSSSNggnpoTkbBJUkkgAQmEJ5TSmDUkSgnsEkkkjZNFJJJZGCSKBSM0oFFAoCMhNIUhCYU9mYQmkKRCk9gykqT6SpPY0YAngJUiAnstJsSJs2SxjyWtJ3I7BWOqTF8bGsDmQsZVEC7/vsn9KaAZZaBcxvl+qz8x0peI224H1737LLO7qsYq5JMpBaBpO196UkMGg0GmuPmiMVznMDW1WxpaGNEDKAbIHYbrKtcYrNiPJG37pOZ7LTmi0hpbYP5AKq9u5OkcrPTaVW8KzZ2UojFV6J2jT3N96Tmtdxx9EaGzSxoIqtubTA0BpAG19jupzF25SbHpcdrPzT0W0IjJbsCDe191NE0gb8+gUkZIprrIHvwnuom7v3qk5E2rGGf5lOOy6vocgAdE4gjm77BcePKRvS0ulZvhZIv7p5C0lZ5TbXmnMWSWtfqdY49ey3cSTxWgtdbebqwuV0mfKLnOdTSN/X/uy3cXJLYRTxo4sd+yqIrRzI2zt8M6QuQ+KOlAROe0Oc5ooEckLo25TbJABocFUc3JD2Psg7bnikUnm7I9LnREGnAVY7qFzS1xa4URytLq0LhJ4zSNL97HKozHUQ6tiFWNFiNFBFWkkkkkgSSSSAQTk1OTApIJIAppRQKAalSJSTIEkUEw0EkECVkY2gglaASBSQKRgU0olNKZglSKSAVJUilSewFI0kkEwu4dsw55NOqiK3WbI+SRp8ulzO/sey0w7wOnCQlw1OoAFUHte92lsbS0cBvossvaolx45I2tMZ8nIJ5vutHFaRpdIKs3sKtQ4rXvj06XNABJc7grRxdT27gOI3J08qGkJ7fE1bAAbAeiqSM81dv0WmWB1kgWfoqk8bb9aSpyqWkDYEj90ACTtt2qlO4AG3VR90w7HYFBnRtPI5SMfofmUzXXA4PZNMz96AH1TSdIFGXGkHOJG1D1UJfdeiDT6yG1afDI5j7sfsq5kBYABx7qt4pLifRA06vEzGgW42R3C0IMmNjC5pDT7Dn5riI8x7HWSaWlj9UbEBrfXoOf0VSs7HUS5EZOkuIsbOG+6oT6SLbIDX3Ss9k8EpLoyRYu29/oeE2SWo3bkuPz2/VMtGZcQkjLSR7hYT2ua0tN1drX8VkrSHP0vHb1WXPQlpp8p534RL5FiuiEjyitUChSKSACSSSQJFBIFMCgkUkESVoJJgkEUEAkkEkEvWgkkoMrStBC0jFAlIlC0GBKaiU1AFEIIhMCiglaASKaiNzSoLbGNdgvLiS4OAYB6+qr4zWCy826SwArb43f4Xtqtz+QPZUonAsa4iy3Y7crHL2vFowuY6NrdTg5prcLSxbbqbq2+fKy8RrpHl7wK+S1mNprXNcSfSlKkhNWTR78qCTePkC+3/eFK2TVbW/i70mSs0g0SfTsgM2Q0SmOcTwTunzggqOvdJaORrgbo/VROc7inH0V/wm7bceqTWxgbAfkmTOBdW9gfNMN6udlfmY17iSAPooZGMaKAHuUjisSfCcaVUPIYSSrxDXNIbR+ipuYSCAEtq0qSSuP3dkIySRZVtmDI/gK1F0t1aiWu9haqM6bh66aWyO/9SP1V+SZz2Ad/QD/uybDBDHy079zwlLETJ94trfc7KkU2nBjiAbqlRJHjC7dRVmeUxSXdkEbcgqs6TVT20CT2CcKmyVrOnYfNNReKcQmrSJOSQRtMiQSSSBJIJIA2kgkmCRQSQRIJWgmBKFpIIC7aVphKFqDPJQtNtC0A60rTbStICUEiUgmYpJJJgUigkgEnBT9Pw352R4THsYAC573mg1o5P/CWTFHC8taJdI/E5oF/Tsi5Sezkt9Jpw6XFh8NlNYaIO+3qqbCNJINEngm1qRTMPRyzyvN7EmtP+6xpPM4BuxA3Hosb7VGtgu0saasjm1fbs7UXeV21LJw3aW+YnnmlsQFmgl43rYhEOpSHOLXea/UnuhK6gbO9JOk1O0NG5NqtmyCAOskkj8ilTipI5j3kawKThELsOWRkPLXB7HndQP6lKwtBfz6DhTpe3QmJxbYcEwsc1xILT8lgO6rITs8/MHlSt6o4C9W5T1S7o2H+VpLvvdlnSy+agdrTJMt0jRZ7Kq6TzBTdrmmjAwPbsEnxsDvKTpUGNklgFUUMjJLnWSgLjHU7YX9Ffx52ONaG6e4LguakzNII1FQfbyDsbBVSVGVjsjExzraAD2AaBSzc5slU5xI9QKWVD1fSAC47cX2VmPO8cEdu26vyz8K0l2dR1e/qkzYADaypJ4y03Wx4Qa13iM0gE2qiafkBok8jrad6BtQqSV2p/YGt6UaqEVpWgkmBtJBFAJJJJBEkkkmCSKKBQRpQTimlAJJBJAWSU20iU1SY6krTULQR9palHaVpmktEFRgogphJaKYCjaAcigEUBB1CZ8OA4RuLS94Fj2V34aZmZeLkPe7xIohdPO/0VLqTNeLE31k3Wt06M42DGw21j2kmjRKwzvl0YT9ICDVtC6o3m3sVeWBrHOMe4BrlWInvZI8aBHvbW6gbChmBdEXE91MpZRNjtGkbCuVpxvtu3yWfispoBrjsrQeWBzq2aNj7qkmT5RxZD/V6rIy8+SUnUdvRLJyQ57jI6lnuInkoyCGLvI/+w7qNWr3Ia+Y2QbVSaRpJ3VjIbhwvLo45smIGhJJ5A76KlPOx73VDGATtpvZaYxGWQagDsU9sllRSQvYASKBFhBh3VVMaDJtuUfEsqvHEX8blWjhyti1kbKPC/IiYN5TZJrGxVWUOaaKgMhbtaqYxNzvpPI+zuVDtfKiLiU1Whaa0eqtQSuidbSfdZrS4HZXMZ+pwB5RrZb03I5TPDuKIU+IwDKDzEJA0bMc7SHH3I3pVsZwI0hQ5GVIyR8MLjZrYdylZ8HvboJsjDZgOgyRHJO/gsaGhh9lgEqhDI+TPaH35AbB9VeRBSStJFUQWjaFI0mBSSRQASRSpMAknUlSCMpAhPpAhAMpKk6kqQDnFNTimqTJApIJkSVoJIMbRBTUQgHgohNCcEA4JwTQnBAOEPjubH/qBCpdXypJMp4BIa3ytHoFpYv8A9TH81R6nBpzDtTXcLHk8Xbfi8+GZjSyx5DZQXGl1DyThxFgJ8Q2s92DGzFa/ku4WzMxsXT4o/wAUWkFZzKWrzx0MLDpF/VSztP2VwHcqKGWwArMgJgNEKqzjG+yncjn19FLhdKxi2Tx4mSFzasmiPcHsVYHlNFIykC23frdKO5p2qua+DIxHYM7owAR4coGkivUcLAl6eWEXk4729yx9n8lqZznOeSNJJP8AVf8AZZknju2aw/OleFrPLGBm6JdNPoNFD5IYeK14JAJ7A9ireD0WfJdrm2b6eq2vsbIHNYKobCuEXLSscdsvHxWsoAW7vstuDFZN0+Vrm+Zu9+isYGEDKXSsGnn3V0NZFDkuDLLWEjdRF2vPOoRlkhFG1nUSeN1s9RGolx5tUREHcbFaYZeGWePk3Fht5bINN8FyYYC1xY4EOB/NTt1xu7/JSGUk33VzJncTzixxYLXTkNO5De59FWjBbRPNKxG8OkDngE+6saGk6hV8qt6TMTumvLpd+En50uFnOlhIbLRAcWg0ONv91LjMcxwfVAmlndVcG5Zr7xG6W1SJ4A6TJlyXEkyb2e5PKsqHG2xo/lalThU5FBEJgkUqRTIAEUUkGCNJUigiARpEBFMjaTSFIgQgIyEKTyEEA0oUnUhSlRtJEJ9IUmRlIUn0hSAZSITqSpBCE4IAJ4QCCcEgigHRnS9rvQ2rGZH4sga9uqJ+7XDlqrK5jSNki8F5pzd2lZck3GnHlqmdQgfDjsZHIH6BdVupY5fGwgXHeRtn5qeR0bjcpYARRNhZ2TlRNnaIqDB5QsJNOjK2xLjOIcLWtBI0t3bsf1WSB5t91IyU0WcfVXtlFuSPVb2lQMYyQ6TRPZGJ+9Xq7UmvaIn6rI9lNny0xvwssxA8BraFnmk4YMMbdbxqINDZRx5jWt42HIO1KlmdULRpi22q05RY0ZMkjyDQG/hAFkqbpsAkkMppzh2pchJmSSPppJJXQYGXPiYYY2g527jW6LdexMbfTp/Da2G27u5JO6zo3NLMkAEnT907KjH1Od8boybvvStdPwcieKWdu8cbNTjZ/RT3bvg+3Uu3L9VgLW2WrHbs8FdfN9mnJhynOANgEC6WDN0qVhc0OBeDsPUdiqxvgsp5QaWuZuFC+KtyPqpw18bjHMxzHjlrhSnjhbJy8N+YTlspWSxQY0B3r81pRMYYwTx7dlDPj+EbPdMZM5ooEX2KvdqLJFpgHiiiFn9Rw5/8TkbOwx390O5cO1K/jeaSyare1bOKZWR52Q8vLWgW497VI2oFnh0z+kUki92p7neptAK4k4JwTAnhAGk4BAJwTAUjSNJIBUlSNI0gEAkikmQJpTkCgGFBEoFBDSSSSlQJIpAIBtJUnUgmQUhSelSAACcEgE5IiRQCNIMku6SCRi8B/wB4Wn4WLA7Kb4kYfsaDt96TFb6df2oegab/ACUWQ91Lkx6NLm2WOaDxwe4VR33lrZDdXT2UDTXkfpax5bBWWTSe0jJSDbTSU2Q5wtxv2VUP853Qlk8hoJLgSZDgCCdvZU9Lp3ENCbck02mMFzj6LYwMdmNF4kzh72rk0Vu0uL0n7NAJ3t1nvQ4VzI6r00hojxmNrmyn42fqA07tHYrneo9OD8l72ktBPCmyWn5jbPUcMHWyJpJHc7BQu6zP4BhjlLY6qhtsuadBND91xr5pn2o1TgQQjsH3PzGpPlG9RNkq/wBE+IndN8QeBFM19eWRtgEdwuZdkjuCVGZXybXQ9FpjhIzy5LXR9b6vN1ctnn0l8ZppDQCGntssxslbqox+kBt7KR9sN/hKLDl8LMk5La7KNgDiCNvkovvNJU2K23V3V44s8slyLxIoC9jg15IALhe3dTT5s88YZK8EDs1tAfRNnAaGRj8I3+ZUKZAkEkUwITggE5oQDgnUgAimCRSSQBRCATkQipJFJMGFAolNKABTSjaBSApJJJGSKSSASFJySQBJFJMhASpIJWkBStC0EAUkkkjFXuki8yrA8jufkqKvdIJGcCP6XfslTXpN8KQCtqIWNN5rWs4+Vzb5Cy5BzaxrT5Um/fKe1uoFtbJv/lVlgAclFJNMODhggAOcLJ9VREjp5NUzqH4Y7/dDqUpdJpBsNH6qvjZGPE5old5nclX/ACW/hrxSVQBo+ykfK1+zxf0UQysVjfKS7bsFE7NaSajH1KlRssTZASIyPU0sWeEhxtv1W07O0ggtaQeQqzp4ZBqdGK9LVeU+KxHxOB4UzI6jDgLV174LP8pn7q5idUhiZ4c2FBLH8qI+quWosk+WG91FXMR7HgNlbqYdiAVN1FuBkRmTEY+CQcsJ1NPyPZZsD6OlPSd6XhEYZZIibAFtNcj1Vjp45f6cIAB8bH9wwhTY7QyBh9Tar4TfZ0x1SuKjTiggwSSSQDgntTAntQDwkkEkwSKCSYOCITQnhAFIpJJkYUwqQhMcEAxBEoJGciEEQpBIpIoIEkkUGCSSCAKVoJIBIhBSQQy5EzYceN8krzTWMFkpA1JWX9Pyo3zskgkDsf8AzQ1urR862VCTNgY2o2l7/UnYJSyhPwLJoepXY9I6CzD6VPn5u2Q+IiOM/gBHJ9/2Wb8I9Hc+NnWuojVbtOJG4bWOX17dludYy3CHwyb7n6rmz5t8k440uPbx/crmpronsqEzrsjursx2IWYZKkLSdiqqleTZ1qZrraCoZO9ik+DdpF91JxVyxch91VOE2YkWQ8/dPZX8oW7YfVNa3cV2WuN1Cs2qRQOiZpnc4EOrnalrR9GEklMe6qvlSxaJBomaDY5V/GxJdQOLM9hqtqII9N0WiY/hkt6HKbLtWmyAfVVX9PLZPDAJPpa6fxcyGBzJBC92r8UZG30VR8c8WbJOBiv1RhoDXnaj8k5kVxvywH4TmUHN57qB8LIY3Oe6q2+q1cibLyZA2HDBDSbdZr86WPm42SXnxCCLvbgK5lEXjyUXzPcC29vkhF99PMWndKNnn2VJbEW+GD67KyRpjY2q2Tun4UuXk4mDC23vNn0Hra1M74d6tjuc92I6Rv8AVEdX/KzueMurTk+WMgnvY5ji17S1w7EUU2lRmpI0jSZEEQkAimQhFAIoAooBEBMEE4JAI0gCEUEkwBTCnFNJQDCmokoIBwTkAipBIpJJAkkUkAEESkAXODWgkngAblANSAs0N7VtuFpo5UghB4aN3n6Loek/DmZkgPjh+xQH/wAswuRw9h2/RRnyY8c3lTk25sYpY0OyHiIH7rSLc75Bdl8NdL6hFCXQR/YIpQA+aRtzOHsPwra6d0Lp/TXeLHGZcg8zS+Z/09PotInsvL5vqNvjBpMPy4n4/wCoN6Z0yHpOCwRDJBdIRzpB7+pJ5K4n4f6Y/q/VY8Vo/ljzSu9GjldJ/FNjxNg5IHkLXR/XYqv/AA2LRLkvdep1NH7rq6a29Pcsffmsua9telfZ4ZcNkUbQxsQAYAPu0FxnXA9nUcvGfWprGPaPYg/3XcYlGI++64T46lGB8TYWQ7/LngLH/R3/ACsemsyz7r7TyXO8XbP7smQh0Wu+Qsac+ckLUy/5DiB/lv3aeyy5DZK7NeW3HnM8ZYayTXyd1Izy7qi5xjfYKtRSNc0OBSsVsZzumxO3CdJRbfZVwS13snD2vteB8k9uY6GTU1xr2Ko+JSgll9CnILdOpl+ITk4wjMUYf/V3WY/OLyC6ge4WC6U9kwzE8kq+zZTm16b789zG0HmvQFZ+TkeLwKCoiU90TJtyqmEiMuW5eDZFLhRB0mp33W7lQXrdQWhCxrWtj3HclVWbvv4f9PDjkdTlHnP8uMe3c/2Xa6R2XFfA3UGz4IYzbRba+R5XWumoWvD6nK/dvc6cPOPgMzCwstmjMgilH+poJ/Nc9m/BXT8izgzvx3/0nzN/Xdbj3l/dNaSJAQaIU4c+eHqncZXBZ/wr1bCJPgeOwfiiN/pysYsc1xa4EOHIIohezNeHAWqub0nBz21lY0bz/URuPryuzDrf+0Z3B5GEaXcZ3wPG63YGSWHsyTzD8+Vzmf8AD/U8CzNjOcwfjj8wXXhz8efqouNjKpEBO07ogLdJtJwCICdSAFJIoFMEkUkCgGlMKkKYUBGUE4hNTCWkUklAEBJEIgXwLQAQWh07pGb1J1YkDntvd/DR/wDsdvytdZ034Lghp/UJzK7/APHF5W/U8n9FhydRx8fuqmNrk8HpMuVI0O1NB4axup5+nb5ml1eB8MyNj06W4jDy778rvrwP1XTY+Nj4kQjxoWRMHZopSErzeX6hnl4w8LmEZ/Teh9O6adcEAdL3lkOp5+p4+i0CULQJsrgz5Ll5q5AO5QLqcETsFE47rOLk25f+IuIMj4XlkAt2O9sg9hdH9CuX/h7MyNmUZDTWEEepJ2Xo3VMVud03IxXjaaNzPzC8o+DonM63LjS7ab1A+oK9bpOS/Yzxnv8A2x5scdy5+nqfTM1odNJMaBoNAC5D+J80OTHgyxE6o3Oa6/Q0R+y6PJmaHNjjptbCu3quf+IMQZnS542NGsDU33I3XT0PRZ5T7tvif5Zc/Vccsxk83/DlemdSZLCMLL4OzHHt7J2bBJjO8+7Dw8f3WA71C1un9X0tEGZ54jsHHchddm2WsuO92H/itP6qKKV0b+TR5C1Mzp4czxsJwew76L/ZY79nbggjkHslptjyTObjTEmoDcUeAhsb3IVHHm0O0u+6fVW9RbuKr1U600lSEN0hp/NRy4Li3UHik2SWwmtytAoiwnCtivPiTRfeoj1CgMclGloOyC8eYgprvCIO26rdTqMzU8cohzj3U0obuQVGAqSsYzCDqIVjIm8JriK1EVt6qFh8NvmHbYDupIsepGSSi3Fw0s90qm5SO8+DsM4fSm5HBa5rT9ef3C66U3RHdU8bFbjdAx4miiYwX/8AtyVPGC5rV4PUZ93Ja6uKawkSNFBRvNuT5HaRSZG0uday/hot45LWg2rILnKCNvClL9IoJlTy5rOSiJGOHIKqSPaPNI5Q/bowaYEd1LtHO6N0vPv7Rjs1n8bfK78wudzfgp7SXYGSHjsyUUfzC6ePK1chW4nBwW/H1HJh6qcsI8yyeh9Txb8XDkIH4mDUP0VAtIJBBBHIPZevkhUOodGwOpsP2iEa+0jdnD6rsw6/zrKM7g8tpKlt9Z+HMzpri9rTPj9nsG4+YWKV34Z45zeNRZo1BOKCsjCmFSFNIQEZCBCfSBCYORSAJNAWV1vQPhJ84Zk9TBjiO7YuHO+foP1WPLy48c3lTk2wOm9Kzepy6MSEuA+847Nb8z/0rtOlfB+LjASZ7hkPH4AKYPpyfr+S6CCKHGibDBG2ONvDWigE8uv5LyObrbn68RpMNE0NjYGRtDWgUABQCSFoLguVq9ClaFppKk9CSiEGpOKV8ma8qMpzioybRFyFqsELy3qTD0f4+leG6Y5zrb76h/uvTx947Lh/4i4bgMPqcYswP0PrsDuP1/ddvR5a5O38zSOWS4rk85ZmQsu9EQLvcuP/AApC4OFjusl+Q2XqTHavLPA1zVPFMWOLTwvq+jmuHGPB593ktrj/AIiwPsXUXFgqGa3s9j3CyCvQOsYLOo4LorGseZjvRy4F7XRvcx4Ic00QexWPNx9uXj07eDk78fPuJcbNnxXfy3HT3aeFcM2N1DZ40S+qyymrHS7hLdz2tZGPLAdxqb/UEocjT5XbgcH0Rx858fllGtnvypJMeHIGvHcAfRLRzkuP7ic/VuO6ie4k1W/dQuEkLtLwQl4gu+ESaXvZ5c5rtLrSMhJTC5p7pWANymAuyntHcoRlrpA2wL7laxx8PEh8SaS5O3dG0ZZdqINbj4njz7POzGjt/wAq78KQnO6y2WUamwDWG+/qsLInfkSW47Dgei6j+Hu/Wph2ENfqFlzb7Lo+P9N78no+C4T45x3OqzYKsua2IU02Fk4znQSb7OjfR/78lf8AFc6VzZCC0cFeFnHo5Y6u58k463cp7ZGRirCrTjUKjeWE8HkLKyn5eNvMLb2e02Cpk0l0P2yNreVSyersaCGHdYL8qSRtNvdSYuJJM632qLS0cmbKfW6vY+MQAXJ2PjthbxurOoBSD2NDVYikpwAVTxL2CljNboJfJ2RjKjDtQBT2lKe02Jdiua+JfhuPKgdlYEQZkt3cxooSD/ddHad2W/Fy3DLcRY8dcCCQQQR2TV2Hxh0PTfU8RnlO87QOP9X+65Cl7nFyTkx7oxs0agQnIFagwhBOKBQHo3RfhfG6a5s2QRPkjcbeVh9vU+5W651JEpnJXy3NzZcmW8nRjjoQjaCBKyUfaBKZqQLrRs9C5yA3KanN2S3tWkl0FGSkTaY4oKQHFMRJQ7JqBx0sJVbq2BH1Tpc+JJsJmEah2PY/mrRj1C38DgeqafEJoAAeqqZWasGtvPcTBewjAy6bkY1xB4//AKaR7HdTPL2v0TDw5R+TvcLoOu9Ke4uzoXXK1o1bc0bH9/zVaEQdSxRrYHdnA9ivf6brssMJya3j6v8AFeX1HDLlpmxybLmfifAqT7bE3Y7SAfoV1GR052Jboi90d772W/7hQzYz5oi0mN7HCiCOQvYx5OPqePeNcU3w57rzwkEbIK11TBf07MdC/dvLHeoVS1xWa8PSllm4SLHuY7UwkH2TUkG0IcqKYGPLaN+HKCbFcwnQdTeyrJ7JXs+67b0Qjt15xNog0QpY2RkW9x+Sa+Qv5AUaFQ59B508Xsi57nutxJKaODaSDOul0/8AD+TR1qQH8Uf91yq6L4LcY+sh3Hl/us+X9lTl6el5rNGSHjiVt/UIPyGsiY8mtTf22VjM8+E145Yb+iw8/U/Ajkjs6ZCD8j/8LxuTHy7uO93FP4TzdRaAaKp/4nIHGvM08g7gqCDCnmP3TS1MXox5eFj4McGfAmoOZ4T/AEPC1Y2xsHlqlXb0iGvMFPFhiD7jjXopHgXurumWSrZx4pG7+V3sojA+P7tPHtymQRt3sqVzqHKpy5QjNO2I7FVnZes0CgNmGa2UCrcRtqx8J533WrjnyKN+RfSYGypQdlE1PtPFnTQGva+N4BadiD3C84+JOkf4V1AiMH7PL5o/b1H0XohdpmHuFk/E+IM7CMYHnaC9h9wuvo+fsz1fSc8dvOaQKeRSYV7rECmFOKaUB7Ad0rQJpNJXyDs0cXJhcmlyYXI2qQ4uTgbUVp7CkdPQJStNKZHXaBQQJLjTfzSM0negLKe1unc7lFrQ0bc+qVJgNSIKaWoUQnLojnsa5ha77rhS4rJx5unZ7xG8s3sejgu1abFFZ3VsBuU0Hh4+6ff0XofTuox4uS4Z/tycvVcVzw3j7jIZnte2slmk/wBTdwVSe6GKcMje0sk3aAeD3CmbEQSxwILTRBTJcVjjZFlfScXSYcWffx3W/j4eNnz907coyvinprMjp0QaLym26No5I7hcERRor0l2NIyR0zHa3EUde6434jwxj5vjRsLGTblp7O7qLwXDHe9urg5pleyMdJJJZOskkkkARyEiKJBWh07BMo8Vw2HAVXJbpmffNqJnLl2xVx1NoSgkr3SsEZs5D3aWMFn1KeWUxm6Um7oMLBfkAyuFRt7+q1/h9vh9VaQOBurGVpix/ChaAAKAHZVugkjqh1f0Fcn3byS1WeMk09GGaMjFMeIwzOqiaprfqj0yBkkboHttoAP1VPokvhGeEEabJA/VaPSb0ySn8WwXFlLldNtzDC6/hoRwRRimtCkJACypOqNBICrP6oXd1y6W2nSNA3KgfktGwWOc1zu6IlLu6NaDTGTvuU1+a1o5WY+QhVZZHE8oGl/Mz8eVmmdmr0cOQhj4ofD4sUmpqyJRQvlOgmnaPI8too0rTocOxJRWrA7ssvoz/FiLphbr2cteKPzW02sr7F8LARTeETwqjJHNsA70Kimp5aSpXeZjm+yrud5WlKfuXrw886zjjG6rkRAUNVj5HdUCui+MMfTlRZAGzxpPzC5slfScGffxyuSzVIppRQWwes2mlya5ybdr493nFyahaVpkci00UwlIFAT2gSm3shsd3cfukCFvOxpvqpRQFDhRmQcBHWEA+0bChL/dNMtd0xpYSVUzgd0PtQ9UBaoIPYHtIKq/ax6pDOZ3KZM/PiY6Qlzw2Yc+6xZc/HjeWvcQ4bEaVsdXkjla2Vh8w2PuFlzY0OVHUjRq7OHIXudF9SuEmPJPDj5PpuHJ+qXygHUMVx/zK+YVfqGJD1HEkhtpDh5XDfS7sVUzcKXGNnzM7OCpNdJG8PicWkL6DDPDlx3jdyvOz6X7eX4rlJ4ZMeZ0UrS17SQQVGuw+IMwZPRBUbdXiDWK3aR3+q5jEiZPlRRlpIc8A1zS8/PeFvd8O7G90isiBZoLrz0XpW9QyfWQpo6T0+NmoRW4G93HZcn9Zx/itvtZKob4HTyG7FrFz7GSzHSxrnnnYWup0B1MrYlWGxxxAaGNHyFLHDn7N+PNXlhtzbumPhwXZOQ7Q6wGR9z81Z6Cw65ZdXA00h8Qvf4sTL20k0n9B3hlaOQQVtllllw3K/LOSTLTSyQBGaVTpZH+KMA/ECP0VqU+QhUcTydVgd/rpY8Pqnyzw77Fj+zsE7oLBA1b/qrzcmQeRkYayvVZEea6PGbD4gdq7HsFYxJ3uJZtQ4+Swzur4R2W8UyrMkc4TvF8OKcyypchl5UhA7qaKCwNlz8mNxysrpwu8ZQiZatNbQSbHoTnHZZ2mhlKrOoHc0p53BrC47+g9VW1HHAlfRyHi23/AONvY/M9vQbrTjwuR+lkRfZ3xyvyvAc0h2hrNTyPSu31Wl/juM62y4z5Gn+rT/suebJTi5zdd82rMUMM+0UoY/Tel+wJ9AV0zCSM7jLd1v4/UenOGmFngn+lwofmNloY87ZIw5tgErjpIpYT/Mjc3vdK70zqTsZ4jlJdCTx/T7hY8vDubxnk8Zq+3XMeHfNPPCqse2mua4EHcEK0CCPmuWHZpGDuqkhppHoVacRfuqU5pz/mlPavhmfEuN9o6NI4DzRecf3XBlemyME+M+J3D2kLzaaN0Mz4n8scWn6L2ugz3jcfw5uSeUaSSK9BD04lIFMJSBXyLuPtJNSSByFpt7o8kD1KDSgjTbuP3Ub5QTyqsr3Ek3wogSeSnIKtF/uh41KCz6oFGiTHIUT5xXKjKicFUgOfOeyhfkuT9IPKBiZ6KvBKz8pyhdlO9VdOPGeyBxYjy1VLAycjKcQQTso2OM7WhuWNfdjjp/VbH2LH/oWH13HjhOqMUdl1dLMc+SYX5Hdlj5xp0xnhtkusX2PBWZN5T7HhXelZEk0jcaU64nbU7evkq+awN1gfhdQXr8Pd0/P2flWXb1HHZlPMR9Oxo8vqEUE4uKQ08eyo9N6XkRfEM+FFGZXMvQfb1Wv0MXmOceWROI+at9PeY+uYkzfvvDmOPqKW/W43LHOz4jy+PPt5ZjT5ejPxITLnSNYa8rRuSVVysSSHGDiNn1XqVu+EMsSZM7nPew00E7D6Kv1GJhgY8i3ahuvm5nd+Xp6YMOK/x2NdsS7hXvsTXSBuvevRSaQMsV2crgYGusckp553Z9rnfiLpZGB9pOlxh9PRYHRZvD6gGdpAWrq+qWenZQJJGgricAkZ0BH9YXo9Nbnw5Y1y8k1nK6PIFArO1lmVG8ctcCtvJiaYb7rGnYA61HDls854dXjQ+ODK0k+o9FoYOPIcxlOFAG/dYnT8mWKQaHUumwX63F5a0OOxIWOv1Jx598dxsZvU8huFjZWQ8W5jqA9zwsXG+LXsFTYrTvy01suy6vi488YjlhY5rxbgRyuE+I+m4uDFA7GjLS5xB3JtdMvFzcl3PN/0nGZY4Tz6dLgdaxOoionaZP6Hcq247rzOOR8MrZI3FrmmwQvQunTPycKCWWtThuQubqunnFZcfVa8efd7aBxA3BflzD+W0F1eo9PqaCwXvc97nvNucbJXXfFR8Do0UUezXSNafkASFx4WmOPbjIrex1FvmABrejwVICzxPNuwnsdv/hNlaGvocIV/LZZJsd/mR/ZMLhkka0ls7iHWKvUHH0A5r3TBM17tUsYJPJbt9VXEjxY1HcVfevT5KxpazBY8NBdI8tJPYCuE7RG50PJ8XVjajTN2XzXot42I9juNwuM6ZI6PqEDmmjrA+hXRZGTKzMjjafKeVwc2Os9xXwsul1nUFWnfbnJ8uxNbKtM47rGGsQO4XC/EDAzrWSB3df6LtYSaC474m/8AvU3yH7L0+gv/ACX+zDk9MlJIJL1mT//Z', 'Bolt', 1);
INSERT INTO athlete (athlete_id, country, dob, first_name, image, last_name, gender_id)
VALUES (2, 'LK', '1975-12-17', 'Susanthika', '/9j/4AAQSkZJRgABAQAAAQABAAD/2wCEAAoHCBUWFRgVFRUYGBgYGRoYGhgaGRkZGBgYHBgZGhgYGhgcIS4lHB4rIRgYJjgmKy8xNTU1GiQ7QDs0Py40NTEBDAwMEA8QHhISHzQrISs0NDU0NDQ3NDQ0NDQ0NDQ0NDQ0PTQ0NDQ0NDQ2NDQ0NDU0NDQ0NDQ0NDQ0NDQ0NDQ0NP/AABEIAM8A8wMBIgACEQEDEQH/xAAcAAABBQEBAQAAAAAAAAAAAAAFAQIDBAYABwj/xAA6EAACAQIFAgQEBQMDBAMBAAABAhEAAwQFEiExQVEGImFxEzKBkUJSobHBFCNiB9HxM3Lh8BVDohb/xAAaAQADAQEBAQAAAAAAAAAAAAAAAQIDBAUG/8QAKxEAAgICAgEEAgEDBQAAAAAAAAECEQMhEjFBBCJRYRNxwQWRsRQjMuHw/9oADAMBAAIRAxEAPwAtNcTSxXViUJNdNLFJFIZ00uqkiuoFY7VSFqQV0UBZ01010V1CQzga6aSKUCk0IdqpCwpCKmsWCVkLr3iB/NIpDdE/K0+m80wW5/F+k0Zw8Hym2FKjgk8dTEVPZy9GDMpiOfKZ/Ws3OnRVWBEszKgA8QRJn0ovgsjZgCw0x+Xr7mr2HuIhgsFgbbbsehI6VFicyugToLDiLYJJbqfSKPyxSTk+w4u9F+3kVvbUA0c9Ksrl1hTGhJ9QOlea4/OcQjMWclNU6TIf1AHWOanwviMuqlHdiQQCei+vrT/PGMbirRX4ZSdNnpJs2gD5Ej/tFUsRkWHfzBdPWUMT6+tYHE+I2VYBZmJgQrsp2gkkDpVrJPFNwIogsYCbkKoIJgidzVrNGS2qJeKSejQ4zw2QJVwf+4QfTes9icO6NDiDH/pmtXgPECsSlxdJECRJBJ9as4rCo6ltIIPE7n6U/a9xZO1qRhQ1KDRHH5cqtCOI7cR7zQ66mkkfSoUkxtUOBpZqATTwaomySa6m1wNILFmupJrqAseDSg0ylmtAOpK4mumihHV1cTXA0gOpTSV1AzqWuFcKAEpQKWKVKTAdbiRIBnvRrCatAXSqn2kQetDLWHnf/bf3miGGwxaCwGkdZEjsI61lOSLii8lhQADvJ5ncDr9K7F4pVUqoG556n6CqeJv6W8xgEbE7D61mcyzEKGOsn12ge0Vxym5Okbxgu2W85x8ryFjpIDGPehSeKrhXQGgSFJ6gx3FBNZvPqIlBuD1n2qSxl8kiI3mOlaqCr3A22/atDc1um+4aTKR9e9dgcTcQhVRSvBX+Zovgsqbfy7TRSzkQWCO/HaquNV4DjK7M26s5YfKOYWdj2NVrYNoGUMEwFQmZgb71tf8A43zH96r4rJ/LOxMzQmkDjf7BWS37Z2R2VzzraR/461qcLnt1WCXJKRGsAHfpHpWWxGUEbD322BNQWcU1pl1qxjjcwP8AxRTTuLBrVSR6IzAkF1DKRyBMe9VMTg1DwkAREESKpYDODogqWPI6b0Rw2PDyYBO3l7z0ms+TQnEF3sKo5Xf/ABaf0qncskdCBzuK0uIsM26AKZ4kSfSqGJRtJ17mI5mfetIZH5M5RQHWlpSkT09K4Cukys6up+muoCyKa6abFdVkjorqbNKDQM6uFdNcDSELNcK4VwoHscK6kmlmgYtSW0nioZpQaTAsLzBovhmDINoYTx0A4+9CMMRPyyenEUaHkWNMEj6cVz55JI0gm2BM6xEOvG25M8Dr9ayOZXkdiNROrjpRDEXnNx/KT1/xFCEwpNwllY7zH4TPQGssUPLNpSrSDGVYGYjaj64MDoJ6mocqw4VR5Y61ddqUlbNYE2GEVdDUOspVkKRQhyVllUnpTblukU0xqdkpUyJ7M9BQbM8NE947UeApl22GG4pJ0UzEWg9o6idiZHP7VocqxX5eT7wJpMflwKzEwD+1ZlcS1s/K2/EGra5L7M21E9IwxAE6oPoJg1DirgImRHWBzQfLscuyrqBjzTvRW64gmJAG8j+RWEW4umTKPkC4hYM0xTUl2+pnSsTzuT+/FQ6q74u0crRJNLUc11UAkUkU+KSqFQ2KQCnkUooCiMilApxFcBQB0V0U4CuigZHSaqeRXRQIj1Uof96dppNNABPAA8yDPpuIqziB5CTI++/tQzDXNLbDpFXXuA7AmQOTx9q480G3ZvjkjL28XodgROx24ke9W8mwRdi7AgE7AnYUMw1ucSyuZ1EAD61vrmH0JpRYI2FOqiUn7rZQuhLY3IHSokxSExqFQ38AhOu6xd+0wo+lCsTlqmSiwe871FJm65Uaqw6dCKsADuK8xv5tetNEzHcb0YyvxAXgHmm4NbBNSdeTbaK5k7UKt5iYmaq4nxCE6ipW+kNxa2HXtVGqdayv/wDUO7QiFv0q9h8ViHj5RPSdxT4tdisL4xTpMc1gc1ZlYrE7/Ydq2yYt08t5YB4cbj60L8Q5cCCyxsJ9DVxdESVqinkO7jaNjInoetaOyoEIWidhPBoF4YZXEtErt2NaM2lJBLn0EbfQispR5TFftA2LXSSNgZ4XiPeqgaiuNsgwesbxVY4euyF8dnJLvRW1UlWf6euqhHU2lmkqgHUhpRSE0DOFOFNrgaAJKSKQNS6qBWIRTIqSuoGMiuFLFOFJgPsJJ+oqDDZw7tcTQihDCkKZ22Mme9WbNyCJEiRVXLrCxiSTpGtQPqSf4rDK+jowJNO/AOyGwz4xdajUGJ24gf8ANbTNbsAxQbwlgQL9y4TqIXSD03/4oxjhuamb9qKgvfsyOMzlEIDbSYJM9eAoHJ7Ch2Y+I2svobD3DtP4U2PBjc1p8Xg1YHyDfc7ckdZ6UDzXCvcYF0LwAPmiQOhIG4og4lzU/DKGKxQe0l17bIr/AClwCD6h1/mrGR4BXcFVkESD0o1Zw7XUFt0GgCNA+UAcUTwGWLaQBdgNgB0HYelKU0lQ4JrsamWGPTtWOzrAqrtJNej236UB8RZGt8amDHSOFOmffuKzhKmU5NqmZLK8bhkI1uqn/Jo/atVhbyFQysNJ4IIIP1HH1rJ5vgLTlRCoyLp0lPK0dZG81fsZWi2UTDqUuD5nBMNJ4ZOCK2kotGSlJPZqS8jS24+4pMUg+E/opj7VUyvL7ygB2Vt+VmPseKI41ItOP8G/asXp0aN2gD4NtKdbDmdwTxWjxbNA8w52ArM+GL6pbd2AK7R5ismd+lFsTi0aGWd4IBrSC97OeaaimLNLNVBiRTv6iuo57LU11Vvj11IY2KSKnK1Ewp2Aya401jTNVVQrJJpCaiZ6aLlFCbJwaVTVf4lOD0hWWA1OFVtdSLcoaKsnAFKVFRB64vSoY5zVbMLbfDOifO0n3Ap73BVnAgOjoSR5huORNZZo3G/g1wT4yrwwp4VsaLYkbnn3q9ibYJqtkoKoykyVYie4qW7d4NYyfsRrvmxFsimthE6io7uI00JzLPQmw3J6VlFWbcZBRsUiGBFIcRrYAcChGGxFsIbl4hZpcD4gwxaLLhjEmafFjpL9h3QdM+lJhsWvDc0OPiEBSzFdI2JPApuHx2FvjyXVJO8A9aajW0Jrwwhi8rtvvpHvUdrK1Tiq2DzRQxtzuvc0bsXwYP8A7NH0S7iV7diKhxayGXuCPuKJ322oU77k9t6TVMSd7ApwSrZ0IRu4kbbLPmqjmF0ayF2UQBHptVhHZEdyNyYWfU0Mat8EbfJmPqZVURwuGl1nvTIpYrqOQfrNdTYrqQGhqC5U5FVrtI0ZWuXIqqbtS32qrO9WkZslNyk102lFULYuulDU2aUUmMeHpwvUykpMCcXh3rmu1WIppoSCx927RPw6QH1sYX5f5/ig5FX8BdGhkmGMkfbess1qDo0xJOWzR5Vi1Yuojy7z3knf9Kr4rEQKpeGQQ7yQQUgd9jT8Sd/qa5H0kd0UuTBma5jpBqnkuFe4+txz36CpcxwpYcd6FYXMcThlISwbq/mB8wPaO1XGOtdlSlT30bHHZYjjSwBUdDQDFeEpAa15GUmD1q1hMZjcRaFxERFJCgfj3PJ7USsZBjvMfjRpPB/FtJiiKkuiXKNbM5b8N3n8t0+QGdjEnuaNZd4XtWm1qDPqautlGONvV8RdUjyQeKpX82xGGUtftgopILDYiP3okpAnHwVs6woS5rAIncMP1FEcpzGQJNBcR4ssYgaEJJPAIIilwaFTIG381Li62XGSejXtip9agZSyerbfSqNhydqu4bFL8QW94WNRjbiYmpUSZUtg/NLXy2xMKJPqfWqQwtF766nY9zUZt16OOCjFI8yeRyk2wY2Gppw9FTbpptVfEnkCfgV1FfhV1HAnkSkVXvirYFVrwrGjoBGKNVg1GDljuJGgdtTaZ/SpsP4ZfbW533hIbT7k81XJV2TwkwIDSg0Uxnh26m6EXF9PK/1U80KuKVOlgVPYiDVWS4tDqWaiml1UASg12qo9VdqoAeTSUk100gEanWXAaT/z3FNNcyQJMAdyYFJ01scU70HshYfEYgQGUwOop2PTeguR51YS+LbPuwIBjyz2nrR/GMCdq5Jxro7McnewU7T+1T5cNMkDnmorluDNX8KAVrNnTZKMRbXcSpkHbiR6Vct5rqB/vsCewBAPpQzFYDUDHNAr2QYmfJcKj0q4y+6JlFPxZrHxBIAF+5t1B0z9q69hUZNJYuCdRD7+bvvWbweT31Pnct71ocPY0jeiU/AuKXWgLnmBTyFUUMDyAB27U62AABV7ME1fSqdtD61K2UnRYwi7z23q4VI3333ptjSkao8339Nq7EOV2nbp7Vpi7OTPLR2qumoUan13Js89jwKXTXLT1rRCGfDrqlmup0AqYZR8z79lE/8A6pQltTq85I4mIntVfWWOldh1ipRaU7CdtpkRNeU8smev+GKILmYBW8w56GplxSHgVDeye05BfUfrEfao8Xlbi3/ZcCOJ3B9zWfZt7QjZx46N99x9uKmxIFxPOqvtwBJPsOh9iK85xOKxFp2WA35gDt9CKv5d4r0NpcFR1DfKfr0rRKS8kShCRqsPlWGIlbRYidSl3DiOQoncjsajRsMoZVsoWRS0lSVIA/yJ81VMNfVmd0ZnVlkJMORyYbqe1d/8paeyQoYMDBcjcqTG46kTEVvHLaoIYY8qasz2JxTFnZlVAu2hUn6EDinGYBKkFhIHLR3gVSGIdLtxHu/DR2ZmcoJaB5NI9ffapcmvhg7HV8QABNCjWR1JJ2VahOXhnRKOOaqcf1RaRSTABJ7Dn7URwWR3HMHy7E6ZBYgdQtVEw7qwUSPhCbjCWuAsJUyDEe0VayvGFW+OVOkto1OdLxPmCgEEmI5+9Wsj8mX+ixpOUXfwOvYe2qSgZjpaCdmDqQNJA4nfr0rPY+4V1Np2BJliTAhRx6NqFa/NLtt7NxFV1Jts2oRqQavlKjltlM781jM6xDssagzMq+VB5Vgeaffc/Shq3Ypz4xpRozLlmxEEyQJn9orVWc2dEGokgbT29xWdyfDEs11uSYHsOtaZMLK+/I70ptWcmJSdv5CeGzAOJEVdt4vRBHB5rDX9eHclPkJ4P8USwebq4iYPY9azcPKN45F0zdWscp61KMwQViFxTDg1BczBvWo/HZfJeT0JcahpLuKWNqweGxziI3HeiKYtjyaXBoXJBzEXweOK7DpO9DbL6iIoxhRJHpTomTAWIv68YUG4QCYOywP3oo9zUdz7UlvCIhcosF2LMepP+1N0b124oJI83Lkb/RKgqwgqG2KsqK6FExuxRSxSE0hamA6uqLV611ArOGlAQOg39T0oQmOcP825MmN/sKvYtdK6RMkyT3qhlmXs90NvGocdK8c91fJde67ME1qGIkK7aCR6U61edCZdUA+YXGAA9xM/pVHxZkb3H+MhBCgLB2K6TsQax2YW3d9ZJLDYzvxsK0iotbJk5VroO57ntorcWyq63XS1wJpXbqi/z1rM4QXVIDqHV9xOzGBzJ2rS5Vgy2GlEV7uqDMbKPep8RluMe2Q1pCQZVZAhexitPpERcfLplTw7jEdjoNzyCTpE6P8AIdCJ+lEMNe1amTUXLgMQAFbeQ6Dv3FR4bLsVZdfJMru1uAFEboV6ijWWY5b727LJ8BgSFBABcqCRt9KUcdvR0rJGK5WnX/ugYyBLROlrtxXEBgIUE86TvPtIp+Y4SHu/EUM15LRNtXFs/wBvcAMBBB6jaruYYuwrsjvDodPlUyPqKo28ysLdW5DOV/EyQfZhMMPURW/4JpXWiYerxZH7u/58b+CDM1vo6oXRP6gJKox0qqHQqsx3kDmlwllGe4mIuKRY8y3Y2YqdwOjTxH61dNhLiXnvFbirLIqjeCZIB5EeoioreWWxat3Etu7G4jAtEMmo6lVeDAj3ismndnSnxjp/Vpee/wDArXDouXnl1cD4aqmghfUcqv3FDPEGVXVUNbAOpVYrtrVW2nSvPHIo9fxvw7gYt/UNba4WCqdKWHHltseBBiocrxzPcVvhhHuK1u28eQ+gB4jbcd+KNXXkiVzi21Srv+P5Mzg8KEQKNwOvWiuDO29FsVlgPw03F5iwMRp1L/JFUBg3UmR1IkbrI54rOSa7Of8AHX/HaIMbgldSCJHb+RWPzHLijSN16E8it4D3qrisCH6ClGdE5MXJdGGsY1xtMirP9ZPNFL/huPMrSO1R28Eg2KEH71o5Re0c6hJdsrWL7sYUUZwGDuN8xipcFhVEaZ+1GcOg7E+/FRKRtGJPhMOFGwnuadnWL+BhrlwbMq+U/wCRIAqxZeB/ArI/6iZh/YFoHd3BI/xG5/ipj7pJBkqMW/g0OVZkl9EYMA5UFkOxnqR3q2Ury3MrzpZsXFYq4YiQIMRI/atf4T8UDEr8O5AvDg9HHevSxtNa7PMzxqVL6f8Ac0qrTw9M1VGXqzKmTNcqJ7lQPcqFrlOyWyx8SuqpqNdRYE+IxA1RyaL5IscACeTQk2+TRPJRuJPWvGT2j32vawhiLAYMOkkRWIxGTG27M26CSPU9FrY57jBZ1N3Ej7b0H8PuMQ8ndU87T3nyirjF8qRkpVC2FfDOQqloOxKs4J09geBRhcNaTYIJPqSfcxNVLtzVPP33pbgYldKySvA/Wa7ElFUkccm5O2XGt2zvGknqsj6waEZ3cxNhFayi3ZJl9ILII7c/artpbv5Q3QiQR/zVmw4Ox+VgQVPIPUH1FXFktHllzGo7sXQByZYq5Rp9iDUn9MjA6LrI/RLoBVvQOp59xU3i/BCxiCEQFWGrvz1FDsPfVhtt6da6otVZl5IbWMuI54VxsQDx9OGFE7eeBwi4gG2Lbag1snT66l5FDsVZDbjYjr1oSEOvQd9QIB+nFZZIxZrj9TkxNUz03D3zcdxbCCw9v5weYG4LAc7zBoLl+Vtd0i3fPwULFWKkMjGNlHUkgbg7VirN29h3VrblQdiskqSO69q1GHz9biCw4Nok/EDIPKWB32G6+tc0sb7Z6OH1eOWrpul8/Vh7AXdFsMRpQMHuXi27PqKXE34IBDCOxqFM0sILtpGYBmlWYTHrI6H1q5ZW3duo2hXsqpcNqlS4WDqA2JjjVB2oOLNwWrq2lV7N1tWrllg/KAYINZztLR1Y4pt39frsM4O1Nkuy/ElSUuTCrH5gQI3qtgbSspN7YgHToghj2kE1SvZfdt4dWdybbMrXLKnzBSY1R1J7UQxWnRcVzbXB6QcPcQ+fX6AbsSeaOK1a6RLl3Tu34K+BsfGLD5dKkkMdyB2FVLGWfGDNbOoLu20aadi84ulLVspocBdTlYZwdkInhT1qS3izZvGzf0Kvyu1voGEiT+L1rNKJTjabaV+F9LtjMPgmglQGA5Kkbe5qwiEfhP03H6U/D7o1tBot3ATbRm/u3wvJVfwiobuNtnDWlDMNTEhFH9xSCQQx68UOCJSjdL5+x1/FBFJCsSBxBrz7OzdvPJR5kALpMbmPpW+TGi8ygEW1siWUjSGAYAg8kmYEetRZlmYsBr72/Kystu0BBDjaSp39aUI07RnmxwcXybVfZl87wLhrWHB1NaSbhYj5ngiB6BT96pYDKvh3kuK0BT071d8JgXHLXmJd3LMZkyek9IED6Vt7mGsoNNu2us7aiJMnivSxYtJnkZKlJyGG5O88imPd7VZxOV3E3+ZT1HQ9qjs4fvUSbUieNoqkk0w0UOFqpfsU1IycCtXV29dVWieJcxtzt0q3k90mKB5iWtM1q4DqWYPR06MKt5Ji+BXkVqz6DVBDx63/AEOzBh9t6f4AtKyXth8wX14kCgX+rOY6EwumNcv9AV5oX/pFnhXE3LFxv+uAyMfzr0HuK7ccb9x508tLgzc2LLbktEEjcHv6UQsIxBEEkCQRMAddzSXWKsRpA3OxHrufapLTkhmjbjaY23+21WqIsr27iIdGhobYwSNz1p+AxQDFYlS25PI6STTFuz1Pf/EdhVzA4cPqIXSp2O2zHuKdOxJmT/1HxAW5ZgfMhB9p2rCu6k6hsf0+1aHxtma3sW6qQUtKLYPTXyYrKXEK+YbjrWik0jCT2WBjjwwI9e9WU3GsRtuD96qpcVh03qe3ZKid4j+TTJTb14J8Qs2+kkauOp3qgboJRx7H32mrbXCXIjy6QAfahr4Z5OhSQTI/mgH9EuIx16w5uWXKk8jco3/cvajeX+MEvWTbuWzbE/8A1ERP5o5A9KE/0rsvmTc9O3rQw20sa2ZwWbhRvHtUON9nRi9TkxvT19noS55h2sLbs3UW4DuzypPvO1T3NPwUcBbt9W3EAgL+ZQP3rx2+5c6m33+/r6Uc8N+IzYdVdQbeqdUedD6HqPSs3jt9nVD+peJLzb+/o9Jz6HS3cvEuxBXSkqUDdGnpUdnA27L/AAGQXXvL5ZIIUEczxq9aLZWpvprSwhRttaOsH+auXMjUGS7J7MTFS8bu6Olesx8eNOt/9dAHDAyLIIN2wpV78DWLXLIrcKd4kVQxNpJGJsN8NAyqsgsS4EE78zt9a11jI0bfUzH01Cfc9aizrAJYw7MLahiQqmSYY9QDwdqaxOWiX6zFHcUzJ4t7Voozki4jfFdyZDkg+Qj8PTegWMDYl9bFQm5RQdQTVzt1b1qrnua3Ecq5Vw4kdZH+VZvB49rTakMCflmQR+WtI4oxlTOHN6xzpVSPRsttJZQLaRVjl4liTyZNQ5q9y5YusjlWtgMGHVgZO9VLOK/qLeq0dJlSy9jMbVpcHhItG03BVl95HWu2PVI5276CHhjOTfw9u8TDxouL0Zh1I9aKXbKka0Er+ID5l+nUVhvCLlPi24mU1BekodzRnB5+EaTI3gEdR60nCyot0HPhysqQw7jePcUPvpUuLGsi5hnCXYnRMB+uwPNUcHnlu6dF8fAug6dX4GbsfymsJY/gdjdHtSVcuZXek/2y3qG2PtXVlsqiDx7i7OlLbKDcMlH62x3PUg9qDeH7okSQSOY/eg2f4pr2IuXTxq0IP8V49qz2szIJG/I2PvXHh9P/ALSTe+zWXqfxvStFvxzmhxOJhJZLS6EhSZafOdh9KhyXJsQty3eK6EtujS7BC0kA6ByTvV7BXMQ2y3CD32qxg8uuHEWfiObmq6g8xmIluvtXW6xwe+k/8HOrnNSa7Z7HbuK3zc/mPbmD96n/AKIEEI8A8jYjeh9ht2nvQ/xTe0WCykqxKqCpKnmeR6A14nov6o5zWOatvyjsyYUug4cutr5nfYcgkAVl/FPjRFQ2MIylz5TcHyoODp7t2rJFndPO7sZPzMW9uTQm4hB3O0jaB+lfQuFHJJ6KgwRUyrkySTPJJ3J9zVq3ZDiCR9KIDDDaKtLhgD0+1CiZ0AXwPwzrQEjqOasf1T6ZVCT2O1Gksx0roAMRVLGx8aAb38TEi0BtzIqstvFsYEKO/WtR8TbcUoAPSn+N/IuK+TJX8uxLeUuSO5P+1KfCo0g6zq9P/NalhB3qdEEbU/xfI1BGQwvh5F+YFj603MfDywSgg9hxWs00xrAgz14pPGh8FQL/ANOvFDYW6bNz5GIUg/h9RXuttlYBlggiQe4PBr5/zTLfMLiwCNiO/rXpH+m+dM6nDOSSglG7rzB7RNQ1/cI2tG8FY7x5iP8Ap2wYB1O302X+a2NedeM7+rEMv5URfv5j+9PGrkUzJ5pliXEBI8wgHufSsdnOXrbcIkkqJaeATwPevQGubgx8v79KFYrLw06hJYlie5P+1XkgntGco2ZHJ8xay6sDtqGoV6fYzFHRX1bngVhcX4en5THpVrIsQVDWXHmTbvseDNLFJp8WTG49mjycxfDd9QP15qLGJPHQ8VLgVh1I7inYzZmHrW16NUT2bwewpYea28cwwHQqelU81KXP7iCH+W4p3VxxPofWnYHfWvcfqKbd2EcdzSe1YxtjN76KEW86qogCSYFdVT6V1ZWxUf/Z', 'Jayasinghe', 2);

INSERT INTO athlete_events (athlete_id, event_id) VALUES (1, 1);
INSERT INTO athlete_events (athlete_id, event_id) VALUES (1, 2);
INSERT INTO athlete_events (athlete_id, event_id) VALUES (2, 5);

INSERT INTO result (result_id, place, round, event_event_id)
VALUES (1, '1st Place', 'Final', 1);
INSERT INTO result (result_id, place, round, event_event_id)
VALUES (2, '1st Place', 'Final', 2);
INSERT INTO result (result_id, place, round, event_event_id)
VALUES (3, '2nd Place', 'Final', 5);

INSERT INTO athlete_results (athlete_id, result_id) VALUES (1, 1);
INSERT INTO athlete_results (athlete_id, result_id) VALUES (1, 2);
INSERT INTO athlete_results (athlete_id, result_id) VALUES (2, 3);

UPDATE athlete_sequence SET next_val = 3 WHERE next_val = 1;
UPDATE gender_sequence SET next_val = 4 WHERE next_val = 1;
UPDATE result_sequence SET next_val = 4 WHERE next_val = 1;
UPDATE event_category_sequence SET next_val = 4 WHERE next_val = 1;
UPDATE event_sequence SET next_val = 6 WHERE next_val = 1;


